DROP DATABASE IF EXISTS employees;
CREATE DATABASE IF NOT EXISTS employees;
USE employees;

SELECT 'CREATING DATABASE STRUCTURE' as 'INFO';

DROP TABLE IF EXISTS dept_emp,
  dept_manager,
  titles,
  salaries,
  employees,
  departments;

/*!50503 set default_storage_engine = InnoDB */;
/*!50503 select CONCAT('storage engine: ', @@default_storage_engine) as INFO */;

CREATE TABLE employees (
                         emp_no      INT             NOT NULL AUTO_INCREMENT,
                         birth_date  DATE            NOT NULL,
                         first_name  VARCHAR(14)     NOT NULL,
                         last_name   VARCHAR(16)     NOT NULL,
                         gender      ENUM ('M','F')  NOT NULL,
                         hire_date   DATE            NOT NULL,
                         PRIMARY KEY (emp_no)
);

CREATE TABLE departments (
                           dept_no     INT         NOT NULL AUTO_INCREMENT,
                           dept_name   VARCHAR(40)     NOT NULL,
                           PRIMARY KEY (dept_no),
                           UNIQUE  KEY (dept_name)
);

CREATE TABLE dept_manager (
                            id           INT             NOT NULL AUTO_INCREMENT,
                            emp_no       INT             NOT NULL,
                            dept_no      INT         NOT NULL,
                            from_date    DATE            NOT NULL,
                            to_date      DATE            NOT NULL,
                            FOREIGN KEY (emp_no)  REFERENCES employees (emp_no)    ON DELETE CASCADE,
                            FOREIGN KEY (dept_no) REFERENCES departments (dept_no) ON DELETE CASCADE,
                            UNIQUE KEY (emp_no,dept_no),
                            PRIMARY KEY (id)
);

CREATE TABLE dept_emp (
                        id          INT             NOT NULL AUTO_INCREMENT,
                        emp_no      INT             NOT NULL,
                        dept_no     INT         NOT NULL,
                        from_date   DATE            NOT NULL,
                        to_date     DATE            NOT NULL,
                        FOREIGN KEY (emp_no)  REFERENCES employees   (emp_no)  ON DELETE CASCADE,
                        FOREIGN KEY (dept_no) REFERENCES departments (dept_no) ON DELETE CASCADE,
                        UNIQUE KEY (emp_no,dept_no),
                        PRIMARY KEY (id)
);

CREATE TABLE titles (
                      id          INT             NOT NULL AUTO_INCREMENT,
                      emp_no      INT             NOT NULL,
                      title       VARCHAR(50)     NOT NULL,
                      from_date   DATE            NOT NULL,
                      to_date     DATE,
                      FOREIGN KEY (emp_no) REFERENCES employees (emp_no) ON DELETE CASCADE,
                      UNIQUE KEY (emp_no,title, from_date),
                      PRIMARY KEY (id)
)
;

CREATE TABLE salaries (
                        id           INT             NOT NULL AUTO_INCREMENT,
                        emp_no      INT             NOT NULL,
                        salary      INT             NOT NULL,
                        from_date   DATE            NOT NULL,
                        to_date     DATE            NOT NULL,
                        FOREIGN KEY (emp_no) REFERENCES employees (emp_no) ON DELETE CASCADE,
                        UNIQUE KEY (emp_no, from_date),
                        PRIMARY KEY (id)
)
;


-- Insert employees
INSERT INTO `employees` VALUES (10001,'1953-09-02','Georgi','Facello','M','1986-06-26'),
                               (10002,'1964-06-02','Bezalel','Simmel','F','1985-11-21'),
                               (10003,'1959-12-03','Parto','Bamford','M','1986-08-28'),
                               (10004,'1954-05-01','Chirstian','Koblick','M','1986-12-01'),
                               (10005,'1955-01-21','Kyoichi','Maliniak','M','1989-09-12'),
                               (10006,'1953-04-20','Anneke','Preusig','F','1989-06-02'),
                               (10007,'1957-05-23','Tzvetan','Zielinski','F','1989-02-10'),
                               (10008,'1958-02-19','Saniya','Kalloufi','M','1994-09-15'),
                               (10009,'1952-04-19','Sumant','Peac','F','1985-02-18'),
                               (10010,'1963-06-01','Duangkaew','Piveteau','F','1989-08-24'),
                               (10011,'1953-11-07','Mary','Sluis','F','1990-01-22'),
                               (10012,'1960-10-04','Patricio','Bridgland','M','1992-12-18'),
                               (10013,'1963-06-07','Eberhardt','Terkki','M','1985-10-20'),
                               (10014,'1956-02-12','Berni','Genin','M','1987-03-11'),
                               (10015,'1959-08-19','Guoxiang','Nooteboom','M','1987-07-02');

INSERT INTO `departments` VALUES
                              (1,'Marketing'),
                              (2,'Finance'),
                              (3,'Human Resources'),
                              (4,'Production'),
                              (5,'Development'),
                              (6,'Quality Management'),
                              (7,'Sales'),
                              (8,'Research'),
                              (9,'Customer Service');

INSERT INTO `dept_manager` (emp_no, dept_no, from_date, to_date) VALUES
                              (10011, 1, '1985-01-01', '1991-10-01'),
                              (10014, 1, '1991-10-01', '9999-01-01'),
                              (10005, 2, '1985-01-01', '1989-12-17'),
                              (10008, 2, '1989-12-17', '9999-01-01');

INSERT INTO `dept_emp` (emp_no, dept_no, from_date, to_date) VALUES (10001, 1,'1986-06-26','9999-01-01'),
                              (10002, 1,'1996-08-03','9999-01-01'),
                              (10003, 2,'1995-12-03','9999-01-01'),
                              (10004, 2,'1986-12-01','9999-01-01'),
                              (10005, 1,'1980-09-12','1985-01-01'),
                              (10006, 1,'1990-08-05','9999-01-01'),
                              (10007, 2,'1989-02-10','9999-01-01'),
                              (10008, 1,'1978-03-11','1989-12-17'),
                              (10009, 2,'1985-02-18','9999-01-01'),
                              (10010, 1,'1996-11-24','2000-06-26'),
                              (10010, 2,'2000-06-26','9999-01-01'),
                              (10011, 1,'1970-01-22','1985-01-01'),
                              (10012, 1,'1992-12-18','9999-01-01'),
                              (10013, 1,'1985-10-20','9999-01-01'),
                              (10014, 1,'1983-12-29','1991-10-01'),
                              (10015, 2,'1992-09-19','1993-08-22');

INSERT INTO `titles` (emp_no, title, from_date, to_date) VALUES (10001,'Senior Engineer','1986-06-26','9999-01-01'),
                            (10002,'Staff','1996-08-03','9999-01-01'),
                            (10003,'Senior Engineer','1995-12-03','9999-01-01'),
                            (10004,'Engineer','1986-12-01','1995-12-01'),
                            (10004,'Senior Engineer','1995-12-01','9999-01-01'),
                            (10005,'Senior Staff','1996-09-12','9999-01-01'),
                            (10005,'Staff','1989-09-12','1996-09-12'),
                            (10006,'Senior Engineer','1990-08-05','9999-01-01'),
                            (10007,'Senior Staff','1996-02-11','9999-01-01'),
                            (10007,'Staff','1989-02-10','1996-02-11'),
                            (10008,'Assistant Engineer','1998-03-11','2000-07-31'),
                            (10009,'Assistant Engineer','1985-02-18','1990-02-18'),
                            (10009,'Engineer','1990-02-18','1995-02-18'),
                            (10009,'Senior Engineer','1995-02-18','9999-01-01'),
                            (10010,'Engineer','1996-11-24','9999-01-01'),
                            (10011,'Staff','1990-01-22','1996-11-09'),
                            (10012,'Engineer','1992-12-18','2000-12-18'),
                            (10012,'Senior Engineer','2000-12-18','9999-01-01'),
                            (10013,'Senior Staff','1985-10-20','9999-01-01'),
                            (10014,'Engineer','1993-12-29','9999-01-01'),
                            (10015,'Senior Staff','1992-09-19','1993-08-22');

INSERT INTO `salaries` (emp_no, salary, from_date, to_date) VALUES (10001,60117,'1986-06-26','1987-06-26'),
                              (10001,62102,'1987-06-26','1988-06-25'),
                              (10001,66074,'1988-06-25','1989-06-25'),
                              (10001,66596,'1989-06-25','1990-06-25'),
                              (10001,66961,'1990-06-25','1991-06-25'),
                              (10001,71046,'1991-06-25','1992-06-24'),
                              (10001,74333,'1992-06-24','1993-06-24'),
                              (10001,75286,'1993-06-24','1994-06-24'),
                              (10001,75994,'1994-06-24','1995-06-24'),
                              (10001,76884,'1995-06-24','1996-06-23'),
                              (10001,80013,'1996-06-23','1997-06-23'),
                              (10001,81025,'1997-06-23','1998-06-23'),
                              (10001,81097,'1998-06-23','1999-06-23'),
                              (10001,84917,'1999-06-23','2000-06-22'),
                              (10001,85112,'2000-06-22','2001-06-22'),
                              (10001,85097,'2001-06-22','2002-06-22'),
                              (10001,88958,'2002-06-22','9999-01-01'),
                              (10002,65828,'1996-08-03','1997-08-03'),
                              (10002,65909,'1997-08-03','1998-08-03'),
                              (10002,67534,'1998-08-03','1999-08-03'),
                              (10002,69366,'1999-08-03','2000-08-02'),
                              (10002,71963,'2000-08-02','2001-08-02'),
                              (10002,72527,'2001-08-02','9999-01-01'),
                              (10003,40006,'1995-12-03','1996-12-02'),
                              (10003,43616,'1996-12-02','1997-12-02'),
                              (10003,43466,'1997-12-02','1998-12-02'),
                              (10003,43636,'1998-12-02','1999-12-02'),
                              (10003,43478,'1999-12-02','2000-12-01'),
                              (10003,43699,'2000-12-01','2001-12-01'),
                              (10003,43311,'2001-12-01','9999-01-01'),
                              (10004,40054,'1986-12-01','1987-12-01'),
                              (10004,42283,'1987-12-01','1988-11-30'),
                              (10004,42542,'1988-11-30','1989-11-30'),
                              (10004,46065,'1989-11-30','1990-11-30'),
                              (10004,48271,'1990-11-30','1991-11-30'),
                              (10004,50594,'1991-11-30','1992-11-29'),
                              (10004,52119,'1992-11-29','1993-11-29'),
                              (10004,54693,'1993-11-29','1994-11-29'),
                              (10004,58326,'1994-11-29','1995-11-29'),
                              (10004,60770,'1995-11-29','1996-11-28'),
                              (10004,62566,'1996-11-28','1997-11-28'),
                              (10004,64340,'1997-11-28','1998-11-28'),
                              (10004,67096,'1998-11-28','1999-11-28'),
                              (10004,69722,'1999-11-28','2000-11-27'),
                              (10004,70698,'2000-11-27','2001-11-27'),
                              (10004,74057,'2001-11-27','9999-01-01'),
                              (10005,78228,'1989-09-12','1990-09-12'),
                              (10005,82621,'1990-09-12','1991-09-12'),
                              (10005,83735,'1991-09-12','1992-09-11'),
                              (10005,85572,'1992-09-11','1993-09-11'),
                              (10005,85076,'1993-09-11','1994-09-11'),
                              (10005,86050,'1994-09-11','1995-09-11'),
                              (10005,88448,'1995-09-11','1996-09-10'),
                              (10005,88063,'1996-09-10','1997-09-10'),
                              (10005,89724,'1997-09-10','1998-09-10'),
                              (10005,90392,'1998-09-10','1999-09-10'),
                              (10005,90531,'1999-09-10','2000-09-09'),
                              (10005,91453,'2000-09-09','2001-09-09'),
                              (10005,94692,'2001-09-09','9999-01-01'),
                              (10006,40000,'1990-08-05','1991-08-05'),
                              (10006,42085,'1991-08-05','1992-08-04'),
                              (10006,42629,'1992-08-04','1993-08-04'),
                              (10006,45844,'1993-08-04','1994-08-04'),
                              (10006,47518,'1994-08-04','1995-08-04'),
                              (10006,47917,'1995-08-04','1996-08-03'),
                              (10006,52255,'1996-08-03','1997-08-03'),
                              (10006,53747,'1997-08-03','1998-08-03'),
                              (10006,56032,'1998-08-03','1999-08-03'),
                              (10006,58299,'1999-08-03','2000-08-02'),
                              (10006,60098,'2000-08-02','2001-08-02'),
                              (10006,59755,'2001-08-02','9999-01-01'),
                              (10007,56724,'1989-02-10','1990-02-10'),
                              (10007,60740,'1990-02-10','1991-02-10'),
                              (10007,62745,'1991-02-10','1992-02-10'),
                              (10007,63475,'1992-02-10','1993-02-09'),
                              (10007,63208,'1993-02-09','1994-02-09'),
                              (10007,64563,'1994-02-09','1995-02-09'),
                              (10007,68833,'1995-02-09','1996-02-09'),
                              (10007,70220,'1996-02-09','1997-02-08'),
                              (10007,73362,'1997-02-08','1998-02-08'),
                              (10007,75582,'1998-02-08','1999-02-08'),
                              (10007,79513,'1999-02-08','2000-02-08'),
                              (10007,80083,'2000-02-08','2001-02-07'),
                              (10007,84456,'2001-02-07','2002-02-07'),
                              (10007,88070,'2002-02-07','9999-01-01'),
                              (10008,46671,'1998-03-11','1999-03-11'),
                              (10008,48584,'1999-03-11','2000-03-10'),
                              (10008,52668,'2000-03-10','2000-07-31'),
                              (10009,60929,'1985-02-18','1986-02-18'),
                              (10009,64604,'1986-02-18','1987-02-18'),
                              (10009,64780,'1987-02-18','1988-02-18'),
                              (10009,66302,'1988-02-18','1989-02-17'),
                              (10009,69042,'1989-02-17','1990-02-17'),
                              (10009,70889,'1990-02-17','1991-02-17'),
                              (10009,71434,'1991-02-17','1992-02-17'),
                              (10009,74612,'1992-02-17','1993-02-16'),
                              (10009,76518,'1993-02-16','1994-02-16'),
                              (10009,78335,'1994-02-16','1995-02-16'),
                              (10009,80944,'1995-02-16','1996-02-16'),
                              (10009,82507,'1996-02-16','1997-02-15'),
                              (10009,85875,'1997-02-15','1998-02-15'),
                              (10009,89324,'1998-02-15','1999-02-15'),
                              (10009,90668,'1999-02-15','2000-02-15'),
                              (10009,93507,'2000-02-15','2001-02-14'),
                              (10009,94443,'2001-02-14','2002-02-14'),
                              (10009,94409,'2002-02-14','9999-01-01'),
                              (10010,72488,'1996-11-24','1997-11-24'),
                              (10010,74347,'1997-11-24','1998-11-24'),
                              (10010,75405,'1998-11-24','1999-11-24'),
                              (10010,78194,'1999-11-24','2000-11-23'),
                              (10010,79580,'2000-11-23','2001-11-23'),
                              (10010,80324,'2001-11-23','9999-01-01'),
                              (10011,42365,'1990-01-22','1991-01-22'),
                              (10011,44200,'1991-01-22','1992-01-22'),
                              (10011,48214,'1992-01-22','1993-01-21'),
                              (10011,50927,'1993-01-21','1994-01-21'),
                              (10011,51470,'1994-01-21','1995-01-21'),
                              (10011,54545,'1995-01-21','1996-01-21'),
                              (10011,56753,'1996-01-21','1996-11-09'),
                              (10012,40000,'1992-12-18','1993-12-18'),
                              (10012,41867,'1993-12-18','1994-12-18'),
                              (10012,42318,'1994-12-18','1995-12-18'),
                              (10012,44195,'1995-12-18','1996-12-17'),
                              (10012,46460,'1996-12-17','1997-12-17'),
                              (10012,46485,'1997-12-17','1998-12-17'),
                              (10012,47364,'1998-12-17','1999-12-17'),
                              (10012,51122,'1999-12-17','2000-12-16'),
                              (10012,54794,'2000-12-16','2001-12-16'),
                              (10012,54423,'2001-12-16','9999-01-01'),
                              (10013,40000,'1985-10-20','1986-10-20'),
                              (10013,40623,'1986-10-20','1987-10-20'),
                              (10013,40561,'1987-10-20','1988-10-19'),
                              (10013,40306,'1988-10-19','1989-10-19'),
                              (10013,43569,'1989-10-19','1990-10-19'),
                              (10013,46305,'1990-10-19','1991-10-19'),
                              (10013,47118,'1991-10-19','1992-10-18'),
                              (10013,50351,'1992-10-18','1993-10-18'),
                              (10013,49887,'1993-10-18','1994-10-18');



